Request,Date Received  ,Due date  ,Date sent,Extension  ,Extension Date,Extension time,Answered on last due day,Answer time
1,12-Dec-17,31-Jan-18,transferred,No,,,no,n/a
2,1-Dec-17,22-Jan-18,19-Dec-17,No,,,no,n/a
3,18 Dec 2017,7-Feb-18,withdrawn,No,,,no,n/a
4,29-Nov-17,18-Jan-18,22-Dec-17,No,,,no,n/a
5,08 Nov 2017,6-Dec-17,6-Dec-17,No,,,Yes,n/a
6,12-Dec-17,31-Jan-18,14-Dec-17,No,,,no,n/a
7,11-Dec-17,30-Jan-18,22-Dec-17,No,,,no,n/a
8,05 Dec 2017,24-Jan-18,withdrawn,No,,,no,n/a
9,09 Dec 2017,29-Jan-18,15-Dec-17,No,,,no,n/a
10,11 Dec 2017,30-Jan-18,withdrawn,No,,,no,n/a
11,6-Dec-17,25-Jan-18,withdrawn,No,,,no,n/a
12,1-Dec-17,22-Jan-18,22-Dec-17,No,,,no,n/a
13,27 Nov 2017,16-Jan-18,21-Dec-17,No,,,no,n/a
14,04 Dec 2017,23-Jan-18,22-Dec-17,No,,,no,n/a
15,05 Dec 2017,24-Jan-18,12-Dec-17,No,,,no,n/a
16,2-Dec-17,22-Dec-17,21-Dec-17,No,,,no,n/a
17,30-Nov-17,19-Jan-18,21-Dec-17,No,,,no,n/a
18,01 Dec 2017,22-Jan-18,19-Dec-17,No,,,no,n/a
19,30-Nov-17,19-Jan-18,12-Dec-17,No,,,no,n/a
20,30-Nov-17,19-Jan-18,7-Dec-17,No,,,no,n/a
21,7-Nov-17,19-Jan-18,18-Dec-17,Yes,5-Dec-17,9:24am,no,n/a
22,1-Dec-17,22-Jan-18,7-Dec-17,No,,,no,n/a
23,30 Nov 2017,19-Jan-18,22-Dec-17,No,,,no,n/a
24,29-Nov-17,18-Jan-18,12-Dec-17,No,,,no,n/a
25,29 Nov 2017,18-Jan-18,20-Dec-17,No,,,no,n/a
26,23 Nov 2017,21-Dec-17,21-Dec-17,No,,,Yes,9:15am
27,23 Nov 2017,21-Dec-17,15-Dec-17,No,,,no,n/a
28,23 Nov 2017,21-Dec-17,20-Dec-17,No,,,no,n/a
29,28-Nov-17,17-Jan-18,12-Dec-17,No,,,no,n/a
30,26-Nov-17,22-Dec-17,13-Dec-17,No,,,no,n/a
31,11-Nov-17,8-Dec-17,4-Dec-17,No,,,no,n/a
32,27 Nov 2017,16-Jan-18,transferred,No,,,no,n/a
33,24 Nov 2017,22-Dec-17,15-Dec-17,No,,,no,n/a
34,24 Nov 2017,22-Dec-17,21-Dec-17,No,,,no,n/a
35,24-Nov-17,22-Dec-17,15-Dec-17,No,,,no,n/a
36,24 Nov 2017,22-Dec-17,13-Dec-17,No,,,no,n/a
37,24-Nov-17,22-Dec-17,21-Dec-17,No,,,no,n/a
38,16-Nov-17,14-Dec-17,13-Dec-17,No,,,no,n/a
39,23 Nov 2017,21-Dec-17,20-Dec-17,No,,,no,n/a
40,22 Nov 2017,20-Dec-17,19-Dec-17,No,,,no,n/a
41,23 Nov 2017,21-Dec-17,withdrawn,No,,,no,n/a
42,06 Nov 2017,4-Dec-17,4-Dec-17,No,,,Yes,4:25pm
43,22-Nov-17,20-Dec-17,28-Nov-17,No,,,no,n/a
44,22 Nov 2017,20-Dec-17,20-Dec-17,No,,,Yes,2:48pm
45,22 Nov 2017,20-Dec-17,withdrawn,No,,,no,
46,22-Nov-17,20-Dec-17,12-Dec-17,No,,,no,
47,22-Nov-17,20-Dec-17,20-Dec-17,No,,,Yes,4.08pm
48,22 Nov 2017,20-Dec-17,5-Dec-17,No,,,no,
49,22 Nov 2017,20-Dec-17,19-Dec-17,No,,,no,
50,21 Nov 2017,19-Dec-17,18-Dec-17,No,,,no,
51,22 Nov 2017,20-Dec-17,19-Dec-17,No,,,no,
52,20 Nov 2017,18-Dec-17,12-Dec-17,No,,,no,
53,20-Nov-17,18-Dec-17,21-Nov-17,No,,,no,
54,21 Nov 2017,19-Dec-17,18-Dec-17,No,,,no,
55,20 Nov 2017,18-Dec-17,19-Dec-17,No,,,no,
56,20-Nov-17,18-Dec-17,15-Dec-17,No,,,no,
57,20 Nov 2017,18-Dec-17,30-Nov-17,No,,,no,
58,17-Nov-17,15-Dec-17,5-Dec-17,No,,,no,
59,17-Nov-17,15-Dec-17,7-Dec-17,No,,,no,
60,17 Nov 2017,16-Jan-18,12-Dec-17,Yes,21-Nov-17,3:07:00 pm,no,
61,16-Nov-17,14-Dec-17,12-Dec-17,No,,,no,
62,17 Nov 2017,15-Dec-17,24-Nov-17,No,,,no,
63,16 Nov 2017,14-Dec-17,14-Dec-17,No,,,Yes,4:29pm
64,16 Nov 2017,14-Dec-17,14-Dec-17,No,,,Yes,1:57pm
65,16 Nov 2017,14-Dec-17,14-Dec-17,No,,,Yes,2:13pm
66,16-Nov-17,14-Dec-17,12-Dec-17,No,,,no,
67,15 Nov 2017,13-Dec-17,23-Nov-17,No,,,no,
68,13-Nov-17,11-Dec-17,11-Dec-17,No,,,Yes,5:50pm
69,15 Nov 2017,13-Dec-17,6-Dec-17,No,,,no,
70,14-Nov-17,12-Dec-17,16-Nov-17,No,,,no,
71,10-Nov-17,8-Dec-17,23-Nov-17,No,,,no,
72,14-Nov-17,12-Dec-17,12-Dec-17,No,,,Yes,3:29pm
73,14-Nov-17,12-Dec-17,23-Nov-17,No,,,no,
74,07 Nov 2017,5-Dec-17,4-Dec-17,No,,,no,
75,14-Nov-17,19-Dec-17,11-Dec-17,No,,,no,
76,14-Nov-17,12-Dec-17,22-Nov-17,No,,,no,
77,14 Nov 2017,12-Dec-17,withdrawn,No,,,no,
78,13-Nov-17,22-Dec-17,21-Dec-17,Yes,30-Nov-17,4.20pm,no,
79,13-Nov-17,11-Dec-17,8-Dec-17,No,,,no,
80,13-Nov-17,11-Dec-17,11-Dec-17,No,,,Yes,3:58pm
81,14 Nov 2017,12-Dec-17,23-Nov-17,No,,,no,
82,13-Nov-17,11-Dec-17,1-Dec-17,No,,,no,
83,13-Nov-17,11-Dec-17,14-Nov-17,No,,,no,
84,8-Nov-17,6-Dec-17,28-Nov-17,No,,,no,
85,13 Nov 2017,11-Dec-17,5-Dec-17,No,,,no,
86,13 Nov 2017,11-Dec-17,11-Dec-17,No,,,Yes,3:40pm
87,09 Nov 2017,7-Dec-17,27-Nov-17,No,,,no,
88,10-Nov-17,8-Dec-17,7-Dec-17,No,,,no,
89,8-Nov-17,6-Dec-17,1-Dec-17,No,,,no,
90,10-Nov-17,8-Dec-17,10-Nov-17,No,,,no,
91,9-Nov-17,16-Jan-18,20-Dec-17,Yes,22-Nov-17,2:45:00 pm,no,
92,9-Nov-17,7-Dec-17,5-Dec-17,No,,,no,
93,3-Nov-17,1-Dec-17,30-Nov-17,No,,,no,
94,24-Oct-17,21-Dec-17,7-Dec-17,Yes,20-Nov-17,7.43pm,no,
95,08 Nov 2017,13-Dec-17,8-Dec-17,Yes,6-Dec-17,11.28am,no,
96,3-Nov-17,1-Dec-17,transferred,No,,,no,
97,7-Nov-17,5-Dec-17,17-Nov-17,No,,,no,
98,7-Nov-17,5-Dec-17,29-Nov-17,No,,,no,
99,07 Nov 2017,14-Dec-17,14-Dec-17,Yes,4-Dec-17,2.58pm,Yes,3:29pm
100,07 Nov 2017,22-Dec-17,22-Dec-17,Yes,5-Dec-17,4.06pm,Yes,10:09am
101,7-Nov-17,5-Dec-17,withdrawn,No,,,no,
102,6-Nov-17,10-Jan-18,20-Dec-17,Yes,22-Nov-17,2.43pm,no,
103,6-Nov-17,4-Dec-17,21-Nov-17,No,,,no,
104,6-Nov-17,4-Dec-17,15-Nov-17,No,,,no,
105,06 Nov 2017,4-Dec-17,27-Nov-17,No,,,no,
106,6-Nov-17,19-Jan-18,18-Dec-17,Yes,30-Nov-17,11.59am,no,
107,6-Nov-17,18-Dec-17,15-Dec-17,Yes,5-Dec-17,11.54am,no,
108,31 Oct 2017,28-Nov-17,28-Nov-17,No,,,Yes,11:41am
109,04 Nov 2017,1-Dec-17,withdrawn,No,,,no,
110,03 Nov 2017,1-Dec-17,1-Dec-17,No,,,Yes,2:27pm
111,3-Nov-17,1-Dec-17,1-Dec-17,No,,,Yes,3:42pm
112,17-Oct-17,15-Nov-17,6-Nov-17,No,,,no,
113,2-Nov-17,30-Nov-17,24-Nov-17,No,,,no,
114,3-Nov-17,1-Dec-17,21-Nov-17,No,,,no,
115,2-Nov-17,30-Nov-17,8-Nov-17,No,,,no,
116,2-Nov-17,22-Dec-17,22-Dec-17,Yes,30-Nov-17,5.00pm,Yes,3:47pm
117,2-Nov-17,30-Nov-17,22-Nov-17,No,,,no,
118,13-Nov-17,11-Dec-17,11-Dec-17,No,,,Yes,9:00am
119,02 Nov 2017,30-Nov-17,28-Nov-17,No,,,no,
120,2-Nov-17,14-Dec-17,14-Dec-17,Yes,30-Nov-17,4.08pm,Yes,5:28pm
121,02 Nov 2017,30-Nov-17,3-Nov-17,No,,,no,
122,01 Nov 2017,29-Nov-17,28-Nov-17,No,,,no,
123,28-Oct-17,24-Nov-17,10-Nov-17,No,,,no,
124,26-Oct-17,23-Nov-17,8-Nov-17,No,,,no,
125,01 Nov 2017,29-Nov-17,28-Nov-17,No,,,no,
126,1-Nov-17,29-Nov-17,22-Nov-17,No,,,no,
127,07 Nov 2017,22-Dec-17,22-Dec-17,Yes,5-Dec-17,5.06pm,Yes,11:17am
128,01 Nov 2017,29-Nov-17,28-Nov-17,No,,,no,
129,1-Nov-17,13-Dec-17,13-Dec-17,Yes,29-Nov-17,4.56pm,Yes,2:36pm
130,1-Nov-17,29-Nov-17,withdrawn,No,,,no,
131,01 Nov 2017,29-Nov-17,29-Nov-17,No,,,Yes,4:54pm
132,24-Oct-17,21-Nov-17,13-Nov-17,No,,,no,
133,1-Nov-17,29-Nov-17,1-Nov-17,No,,,no,
134,31-Oct-17,28-Nov-17,23-Nov-17,No,,,no,
135,01 Nov 2017,29-Nov-17,1-Nov-17,No,,,no,
136,31-Oct-17,28-Nov-17,7-Nov-17,No,,,no,
137,24-Oct-17,21-Nov-17,21-Nov-17,No,,,Yes,12:07pm
138,31-Oct-17,30-Nov-17,30-Nov-17,Yes,30-Nov-17,3.17pm ,Yes,5:03pm
139,01 Nov 2017,29-Nov-17,29-Nov-17,No,,,Yes,9:01pm
140,31 Oct 2017,28-Nov-17,28-Nov-17,No,,,Yes,2:05pm
141,24 Oct 2017,21-Nov-17,21-Nov-17,No,,,Yes,6:11pm
142,30 Oct 2017,27-Nov-17,27-Nov-17,No,,,Yes,4:15pm
143,31-Oct-17,28-Nov-17,1-Nov-17,No,,,no,
144,30 Oct 2017,27-Nov-17,withdrawn,No,,,no,
145,31-Oct-17,28-Nov-17,1-Nov-17,No,,,no,
146,30-Oct-17,27-Nov-17,27-Nov-17,No,,,Yes,4:44pm
147,30 Oct 2017,27-Nov-17,1-Nov-17,No,,,no,
148,30 Oct 2017,27-Nov-17,transferred,No,,,no,
149,27-Oct-17,24-Nov-17,23-Nov-17,No,,,no,
150,30-Oct-17,27-Nov-17,3-Nov-17,No,,,no,
151,25-Oct-17,22-Nov-17,21-Nov-17,No,,,no,
152,30 Oct 2017,27-Nov-17,27-Nov-17,No,,,Yes,9:36am
153,30-Oct-17,27-Nov-17,transferred,No,,,no,
154,19 Oct 2017,17-Nov-17,8-Nov-17,No,,,no,
155,30 Oct 2017,27-Nov-17,1-Nov-17,No,,,no,
156,30-Oct-17,27-Nov-17,1-Nov-17,No,,,no,
157,28-Oct-17,24-Nov-17,23-Nov-17,No,,,no,
158,28 Oct 2017,24-Nov-17,24-Nov-17,No,,,Yes,4:44pm
159,27 Oct 2017,24-Nov-17,withdrawn,No,,,no,
160,27 Oct 2017,24-Nov-17,14-Nov-17,No,,,no,
161,26-Oct-17,23-Nov-17,15-Nov-17,No,,,no,
162,27-Oct-17,24-Nov-17,24-Nov-17,No,,,Yes,3:38pm
163,26-Oct-17,23-Nov-17,withdrawn,No,,,no,
164,27-Oct-17,24-Nov-17,22-Nov-17,No,,,no,
165,13-Oct-17,13-Nov-17,2-Nov-17,No,,,no,
166,23-Oct-17,20-Nov-17,7-Nov-17,No,,,no,
167,26-Oct-17,23-Nov-17,23-Nov-17,No,,,Yes,1:06pm
168,25-Oct-17,22-Nov-17,1-Nov-17,No,,,no,
169,25-Oct-17,22-Nov-17,29-Nov-17,No,,,no,
170,13-Oct-17,13-Nov-17,10-Nov-17,No,,,no,
171,25-Oct-17,11-Dec-17,8-Dec-17,Yes,13-Nov-17,,no,
172,24-Oct-17,5-Dec-17,5-Dec-17,Yes,21-Nov-17,4.12pm,Yes,11:05am
173,22-Oct-17,20-Nov-17,20-Nov-17,No,,,Yes,10:17am
174,24-Oct-17,22-Dec-17,22-Dec-17,Yes,,,Yes,8:55am
175,19 Oct 2017,17-Nov-17,10-Nov-17,No,,,no,
176,20-Oct-17,20-Nov-17,20-Nov-17,No,,,Yes,3:47pm
177,24-Oct-17,21-Nov-17,10-Nov-17,No,,,no,
178,24-Oct-17,21-Nov-17,1-Nov-17,No,,,no,
179,17-Oct-17,13-Dec-17,21-Nov-17,Yes,15-Nov-17,4.00pm,no,
180,23-Oct-17,20-Nov-17,14-Nov-17,No,,,no,
181,24-Oct-17,21-Nov-17,20-Nov-17,No,,,no,
182,20-Oct-17,20-Nov-17,20-Nov-17,No,,,Yes,1:38pm
183,19-Oct-17,17-Nov-17,17-Nov-17,No,,,Yes,10:06am
184,20-Oct-17,20-Nov-17,14-Nov-17,No,,,no,
185,20 Oct 2017,15-Dec-17,14-Dec-17,Yes,7-Nov-17,9.09am,no,
186,19 Oct 2017,17-Nov-17,15-Nov-17,No,,,no,
187,19-Oct-17,17-Nov-17,17-Nov-17,No,,,Yes,3:57pm
188,19-Oct-17,17-Nov-17,17-Nov-17,Yes,,,Yes,2:57pm
189,18 Oct 2017,21-Nov-17,21-Nov-17,Yes,17-Nov-17,4.58pm,Yes,3:28pm
190,18-Oct-17,16-Nov-17,16-Nov-17,No,,,Yes,1:58pm
191,17-Oct-17,15-Nov-17,15-Nov-17,No,,,Yes,sent via post
192,17-Oct-17,15-Dec-17,15-Dec-17,Yes,10-Nov-17,3.53pm ,Yes,sent via post
193,17-Oct-17,15-Dec-17,15-Dec-17,Yes,10-Nov-17,3.53pm ,Yes,sent via post
194,18-Oct-17,16-Nov-17,25-Oct-17,No,,,no,
195,16 Oct 2017,14-Nov-17,6-Nov-17,No,,,no,
196,18-Oct-17,16-Nov-17,1-Nov-17,No,,,no,
197,17-Oct-17,15-Nov-17,15-Nov-17,No,,,Yes,3:32pm
198,11-Oct-17,9-Nov-17,9-Nov-17,No,,,Yes,12:50pm
199,17-Oct-17,15-Nov-17,transferred,No,,,no,
200,13-Oct-17,13-Nov-17,10-Nov-17,No,,,no,
201,17 Oct 2017,15-Nov-17,8-Nov-17,No,,,no,
202,13-Oct-17,11-Dec-17,11-Dec-17,Yes,13-Nov-17,2.34pm,Yes,1:50pm
203,16 Oct 2017,14-Dec-17,14-Dec-17,Yes,30-Oct-17,,Yes,3:16pm
204,17 Oct 2017,15-Nov-17,withdrawn,No,,,no,
205,3-Oct-17,29-Nov-17,29-Nov-17,Yes,1-Nov-17,,Yes,4:41pm
206,11 Oct 2017,9-Nov-17,9-Nov-17,No,,,Yes,1:02pm
207,17 Oct 2017,15-Nov-17,15-Nov-17,No,,,Yes,4:02pm
208,11-Oct-17,9-Nov-17,25-Oct-17,No,,,no,
209,16 Oct 2017,14-Nov-17,withdrawn,No,,,no,
210,16-Oct-17,14-Nov-17,1-Nov-17,No,,,no,
211,12-Oct-17,10-Nov-17,transferred,No,,,no,
212,15-Oct-17,13-Nov-17,9-Nov-17,No,,,no,
213,16-Oct-17,5-Dec-17,5-Dec-17,Yes,26-Oct-17,12.20pm,Yes,2:55pm
214,13-Oct-17,13-Nov-17,10-Nov-17,No,,,no,
215,13-Oct-17,13-Nov-17,transferred,No,,,no,
216,13-Oct-17,13-Nov-17,13-Nov-17,No,,,Yes,5:07pm
217,13-Oct-17,13-Dec-17,23-Nov-17,Yes,7-Nov-17,1.25pm,no,
218,13-Oct-17,13-Nov-17,1-Nov-17,No,,,no,
219,12 Oct 2017,8-Dec-17,6-Dec-17,Yes,20-Oct-17,10.10am,no,
220,09 Oct 2017,7-Nov-17,7-Nov-17,No,,,Yes,4:36pm
221,13 Oct 2017,13-Nov-17,8-Nov-17,No,,,no,
222,13 Oct 2017,13-Nov-17,8-Nov-17,No,,,no,
223,11-Oct-17,9-Nov-17,7-Nov-17,No,,,no,
224,12-Oct-17,10-Nov-17,27-Oct-17,No,,,no,
225,12-Oct-17,7-Dec-17,7-Dec-17,No,,,Yes,2:29pm
226,12-Oct-17,8-Dec-17,28-Nov-17,Yes,9-Nov-17,3.34pm,no,
227,11-Oct-17,9-Nov-17,19-Oct-17,No,,,no,
228,11 Oct 2017,9-Nov-17,6-Nov-17,No,,,no,
229,12 Oct 2017,11-Dec-17,8-Dec-17,Yes,27-Oct-17,2.58pm,no,
230,11-Oct-17,9-Nov-17,25-Oct-17,No,,,no,
231,11-Oct-17,7-Dec-17,7-Dec-17,Yes,9-Nov-17,4.14pm,Yes,sent via post
232,11-Oct-17,9-Nov-17,8-Nov-17,No,,,no,
233,11 Oct 2017,9-Nov-17,9-Nov-17,No,,,Yes,3:02pm
234,7-Oct-17,6-Nov-17,6-Nov-17,No,,,Yes,5:04pm
235,10 Oct 2017,8-Nov-17,8-Nov-17,No,,,Yes,5:57pm
236,10-Oct-17,8-Nov-17,6-Nov-17,No,,,no,
237,10-Oct-17,6-Dec-17,28-Nov-17,Yes,24-Oct-17,4.13pm,no,
238,09 Oct 2017,7-Nov-17,6-Nov-17,No,,,no,
239,09 Oct 2017,7-Nov-17,6-Nov-17,No,,,no,
240,09 Oct 2017,7-Nov-17,7-Nov-17,No,,,Yes,3:48pm
241,09 Oct 2017,7-Nov-17,24-Oct-17,No,,,no,
242,9-Oct-17,7-Nov-17,27-Oct-17,No,,,no,
243,17-Oct-17,17-Dec-17,23-Nov-17,Yes,14-Nov-17,3.10pm,no,
244,9-Oct-17,7-Nov-17,13-Oct-17,No,,,no,
245,9-Oct-17,14-Dec-17,28-Nov-17,Yes,2-Nov-17,5.00pm,no,
246,9-Oct-17,7-Nov-17,7-Nov-17,No,,,Yes,
247,3-Oct-17,1-Nov-17,19-Oct-17,No,,,no,
248,9-Oct-17,7-Nov-17,6-Nov-17,No,,,no,
249,5-Oct-17,3-Nov-17,3-Nov-17,No,,,Yes,3:10pm
250,2-Oct-17,14-Nov-17,14-Nov-17,Yes,31-Oct-17,3.56pm,Yes,4:19pm
251,5-Oct-17,3-Nov-17,3-Nov-17,No,,,Yes,3:10pm
252,5-Oct-17,3-Nov-17,3-Nov-17,No,,,Yes,3:10pm
253,6-Oct-17,6-Nov-17,6-Nov-17,No,,,Yes,5:11pm
254,3-Oct-17,1-Nov-17,24-Oct-17,No,,,no,
255,6-Oct-17,6-Nov-17,3-Nov-17,No,,,no,
256,05 Oct 2017,3-Nov-17,9-Oct-17,No,,,no,
257,5-Oct-17,3-Nov-17,3-Nov-17,No,,,Yes,4:48pm
258,6-Oct-17,6-Nov-17,11-Oct-17,No,,,no,
259,6-Oct-17,18-Dec-17,18-Dec-17,Yes,26-Oct-17,11.59am,Yes,2:33pm
260,5-Oct-17,3-Nov-17,1-Nov-17,No,,,no,
261,5-Oct-17,3-Nov-17,withdrawn,No,,,no,
262,05 Oct 2017,3-Nov-17,6-Oct-17,No,,,no,
263,05 Oct 2017,3-Nov-17,31-Oct-17,No,,,no,
264,05 Oct 2017,3-Nov-17,withdrawn,No,,,no,
265,29-Sep-17,30-Oct-17,24-Oct-17,No,,,no,
266,04 Oct 2017,2-Nov-17,2-Nov-17,No,,,Yes,2:22pm
267,4-Oct-17,30-Nov-17,22-Nov-17,Yes,1-Nov-17,4.55pm,no,
268,04 Oct 2017,14-Dec-17,28-Nov-17,Yes,2-Nov-17,4.57PM,no,
269,4-Oct-17,14-Dec-17,11-Dec-17,Yes,1-Nov-17,4.37PM ,no,
270,3-Oct-17,1-Nov-17,1-Nov-17,No,,,Yes,4:53pm
271,4-Oct-17,2-Nov-17,30-Oct-17,No,,,no,
272,19-Sep-17,15-Nov-17,2-Nov-17,Yes,17-Oct-17,4.33PM,no,
273,27-Sep-17,26-Oct-17,17-Oct-17,No,,,no,
274,03 Oct 2017,1-Nov-17,26-Oct-17,No,,,no,
275,03 Oct 2017,1-Nov-17,18-Oct-17,No,,,no,
276,3-Oct-17,15-Nov-17,15-Nov-17,Yes,2-Nov-18,3.03PM,Yes,4:28pm
277,3-Oct-17,29-Nov-17,28-Nov-17,Yes,1-Nov-17,4.15PM,no,
278,03 Oct 2017,1-Nov-17,1-Nov-17,No,,,Yes,4:54pm
279,02 Oct 2017,31-Oct-17,19-Oct-17,No,,,no,
280,29 Sep 2017,30-Oct-17,24-Oct-17,No,,,no,
281,2-Oct-17,6-Dec-17,6-Dec-17,Yes,30-Oct-17,4.45PM,Yes,4:41pm
282,29-Sep-17,17-Nov-17,17-Nov-17,Yes,24-Oct-17,4.45PM,Yes,4:46pm
283,2-Oct-17,31-Oct-17,transferred,No,,,no,
284,22-Sep-17,4-Dec-17,4-Dec-17,Yes,20-Oct-17,11.05AM,Yes,1:56pm
285,27-Sep-17,26-Oct-17,26-Oct-17,No,,,Yes,sent via post
286,1-Oct-17,30-Oct-17,11-Oct-17,No,,,no,
287,2-Oct-17,31-Oct-17,30-Oct-17,No,,,no,
288,28 Sep 2017,27-Oct-17,26-Oct-17,No,,,no,
289,28-Sep-17,27-Oct-17,13-Oct-17,No,,,no,
290,24 Aug 2017,21-Sep-17,17-Oct-17,Yes,,,no,
291,20-Sep-17,18-Oct-17,13-Oct-17,No,,,no,
292,29 Sep 2017,30-Oct-17,30-Oct-17,No,,,Yes,
293,29 Sep 2017,21-Nov-17,20-Nov-17,Yes,27-Oct-17,12.06pm,no,
294,29 Sep 2017,30-Oct-17,30-Oct-17,No,,,Yes,
295,29 Sep 2017,30-Oct-17,6-Oct-17,No,,,no,
296,28 Sep 2017,27-Oct-17,26-Oct-17,No,,,no,
297,18-Sep-17,17-Oct-17,17-Oct-17,No,,,Yes,
298,27-Sep-17,26-Oct-17,25-Oct-17,No,,,no,
299,28-Sep-17,8-Dec-17,28-Nov-17,Yes,25-Oct-17,5.29pm,no,
300,28 Sep 2017,27-Oct-17,16-Oct-17,No,,,no,
301,19-Sep-17,17-Oct-17,9-Oct-17,No,,,no,
302,23-Sep-17,20-Oct-17,20-Oct-17,No,,,Yes,10:48am
303,27-Sep-17,26-Oct-17,transferred,No,,,no,
304,19-Sep-17,17-Oct-17,16-Oct-17,No,,,no,
305,26-Sep-17,25-Oct-17,26-Oct-17,No,,,no,
306,26-Sep-17,25-Oct-17,25-Oct-17,No,,,Yes,5:43pm
307,27 Sep 2017,26-Oct-17,17-Oct-17,No,,,no,
308,25-Sep-17,24-Oct-17,17-Oct-17,No,,,no,
309,25-Sep-17,27-Oct-17,17-Oct-17,Yes,,,no,
310,26 Sep 2017,9-Nov-17,9-Nov-17,Yes,13-Oct-17,4.51pm,Yes,4:58pm
311,25-Sep-17,24-Oct-17,27-Sep-17,No,,,no,
312,25-Sep-17,21-Nov-17,21-Nov-17,Yes,24-Oct-17,4.11pm,Yes,3:51pm
313,25-Sep-17,3-Nov-17,19-Oct-17,Yes,17-Oct-17,,no,
314,25 Sep 2017,24-Oct-17,20-Oct-17,No,,,no,
315,22 Sep 2017,4-Dec-17,withdrawn,Yes,18-Oct-17,,no,
316,22-Sep-17,20-Oct-17,20-Oct-17,No,,,Yes,10:48am
317,22-Sep-17,20-Oct-17,12-Oct-17,No,,,no,
318,22 Sep 2017,20-Oct-17,10-Oct-17,No,,,no,
319,22 Sep 2017,1-Dec-17,1-Dec-17,Yes,19-Oct-17,2.48pm,Yes,1:47pm
320,22 Sep 2017,1-Dec-17,1-Dec-17,Yes,19-Oct-17,2.50pm,Yes,1:43pm
321,15 Sep 2017,13-Oct-17,withdrawn,No,,,no,
322,11 Sep 2017,9-Oct-17,4-Oct-17,No,,,no,
323,21 Sep 2017,8-Nov-17,6-Nov-17,Yes,18-Oct-17,10.28am,no,
324,21-Sep-17,17-Nov-17,10-Nov-17,Yes,18-Oct-17,1.57pm,no,
325,21 Sep 2017,19-Oct-17,withdrawn,No,,,no,
326,21 Jun 2017,19-Jul-17,28-Sep-17,No,,,no,
327,21 Sep 2017,19-Oct-17,11-Oct-17,No,,,no,
328,15 Sep 2017,27-Oct-17,17-Oct-17,Yes,10-Oct-17,1.38pm,no,
329,20 Sep 2017,18-Oct-17,18-Oct-17,No,,,Yes,1:49pm
330,20 Sep 2017,18-Oct-17,18-Oct-17,No,,,Yes,2:00pm
331,20 Sep 2017,1-Nov-17,1-Nov-17,Yes,,,Yes,
332,19 Sep 2017,17-Oct-17,28-Sep-17,No,,,no,
333,20 Sep 2017,18-Oct-17,18-Oct-17,No,,,Yes,4:24pm
334,20-Sep-17,18-Oct-17,18-Oct-17,No,,,Yes,4:17pm
335,20-Sep-17,18-Oct-17,10-Oct-17,No,,,no,
336,20 Sep 2017,18-Oct-17,28-Sep-17,No,,,no,
337,20 Sep 2017,18-Oct-17,21-Sep-17,No,,,no,
338,19 Sep 2017,17-Oct-17,29-Sep-17,No,,,no,
339,19-Sep-17,3-Nov-17,19-Oct-17,Yes,17-Oct-17,2.24pm,no,
340,19-Sep-17,17-Oct-17,9-Oct-17,No,,,no,
341,19-Sep-17,17-Oct-17,11-Oct-17,No,,,no,
342,18-Sep-17,16-Oct-17,3-Oct-17,No,,,no,
343,19-Sep-17,17-Oct-17,12-Oct-17,No,,,no,
344,18-Sep-17,16-Oct-17,16-Oct-17,No,,,Yes,3:02pm
345,07 Sep 2017,5-Oct-17,withdrawn,No,,,no,
346,18 Sep 2017,16-Oct-17,transferred,No,,,no,
347,17-Sep-17,13-Oct-17,27-Sep-17,No,,,no,
348,06 Sep 2017,2-Nov-17,17-Oct-17,Yes,4-Oct-17,4.49pm,no,
349,17 Sep 2017,13-Oct-17,29-Sep-17,No,,,no,
350,15 Sep 2017,12-Oct-17,12-Oct-17,No,,,Yes,
351,20-Jun-17,18-Jul-17,18-Sep-17,No,,,no,
352,13 Sep 2017,26-Oct-17,26-Oct-17,Yes,11-Oct-17,5.03pm,Yes,4:46pm
353,14 Sep 2017,12-Oct-17,6-Oct-17,No,,,no,
354,14-Sep-17,12-Oct-17,6-Oct-17,No,,,no,
355,12-Sep-17,10-Oct-17,9-Oct-17,No,,,no,
356,13-Sep-17,11-Oct-17,transferred,No,,,no,
357,13 Sep 2017,30-Nov-17,30-Nov-17,Yes,6-Oct-17,3.53pm ,Yes,4:51pm
358,14 Sep 2017,9-Nov-17,9-Nov-17,Yes,12-Oct-17,3.46pm,Yes,4:56pm
359,12 Sep 2017,10-Oct-17,10-Oct-17,No,,,Yes,11:30am
360,13 Sep 2017,11-Oct-17,10-Oct-17,No,,,no,
361,13 Sep 2017,11-Oct-17,withdrawn,No,,,no,
362,12 Sep 2017,10-Oct-17,18-Sep-17,No,,,no,
363,12-Sep-17,10-Oct-17,26-Sep-17,No,,,no,
364,12-Sep-17,8-Nov-17,7-Nov-17,Yes,9-Oct-17,4.46pm,no,
365,05 Sep 2017,3-Oct-17,3-Oct-17,No,,,Yes,5:39pm
366,11-Sep-17,9-Oct-17,29-Sep-17,No,,,no,
367,11 Sep 2017,9-Oct-17,6-Oct-17,No,,,no,
368,28 Aug 2017,25-Sep-17,withdrawn,No,,,no,
369,7-Sep-17,5-Oct-17,27-Sep-17,No,,,no,
370,09 Sep 2017,6-Nov-17,19-Oct-17,Yes,6-Oct-17,,no,
371,06 Sep 2017,29-Nov-17,29-Nov-17,Yes,4-Oct-17,3.52pm,Yes,4:47pm
372,08 Sep 2017,6-Oct-17,26-Sep-17,No,,,no,
373,07 Sep 2017,5-Oct-17,5-Oct-17,No,,,Yes,2:29pm
374,7-Sep-17,5-Oct-17,2-Oct-17,No,,,no,
375,08 Sep 2017,6-Oct-17,5-Oct-17,No,,,no,
376,01 Sep 2017,27-Oct-17,6-Oct-17,Yes,29-Sep-17,1.04pm,no,
377,07 Sep 2017,5-Oct-17,3-Oct-17,No,,,no,
378,7-Sep-17,5-Oct-17,28-Sep-17,No,,,no,
379,5-Sep-17,3-Oct-17,15-Sep-17,No,,,no,
380,07 Sep 2017,5-Oct-17,26-Sep-17,No,,,no,
381,06 Sep 2017,2-Nov-17,19-Oct-17,Yes,3-Oct-17,12.42pm,no,
382,06 Sep 2017,12-Oct-17,12-Oct-17,No,,,Yes,4:22pm
383,30 Aug 2017,27-Sep-17,26-Sep-17,No,,,no,
384,5-Sep-17,3-Oct-17,15-Sep-17,No,,,no,
385,05 Sep 2017,3-Oct-17,3-Oct-17,No,,,Yes,2:29pm
386,04 Sep 2017,2-Oct-17,26-Sep-17,No,,,no,
387,01 Sep 2017,29-Sep-17,8-Sep-17,No,,,no,
388,04 Sep 2017,2-Oct-17,withdrawn,No,,,no,
389,04 Sep 2017,2-Oct-17,28-Sep-17,No,,,no,
390,04 Sep 2017,2-Oct-17,2-Oct-17,No,,,Yes,4:43pm
391,4-Sep-17,2-Oct-17,19-Sep-17,No,,,no,
392,01 Sep 2017,29-Sep-17,28-Sep-17,No,,,no,
393,04 Sep 2017,2-Oct-17,withdrawn,No,,,no,
394,1-Sep-17,29-Sep-17,28-Sep-17,No,,,no,
395,1-Sep-17,29-Sep-17,26-Sep-17,No,,,no,
396,30-Aug-17,27-Sep-17,27-Sep-17,No,,,Yes,11:32am
397,4-Sep-17,2-Oct-17,2-Oct-17,No,,,Yes,3:39pm
398,30-Aug-17,27-Sep-17,withdrawn,No,,,no,
399,30-Aug-17,27-Sep-17,withdrawn,No,,,no,
400,30-Aug-17,26-Oct-17,25-Oct-17,Yes,27-Sep-17,5.09PM,no,
401,29-Aug-17,26-Sep-17,26-Sep-17,No,,,Yes,sent via post
402,29 Aug 2017,26-Sep-17,26-Sep-17,No,,,Yes,3:50pm
403,29-Aug-17,26-Sep-17,withdrawn,No,,,no,
404,29 Aug 2017,26-Sep-17,25-Sep-17,No,,,no,
405,18-Aug-17,15-Sep-17,1-Sep-17,No,,,no,
406,25-Aug-17,20-Oct-17,17-Oct-17,Yes,22-Sep-17,,no,
407,25-Aug-17,22-Sep-17,20-Sep-17,No,,,no,
408,28-Aug-17,25-Sep-17,25-Sep-17,No,,,Yes,4:38pm
409,26-Aug-17,22-Sep-17,withdrawn,No,,,no,
410,25-Aug-17,22-Sep-17,21-Sep-17,No,,,no,
411,25-Aug-17,22-Sep-17,6-Sep-17,No,,,no,
412,24-Aug-17,21-Sep-17,21-Sep-17,No,,,Yes,3:16pm
413,24-Aug-17,21-Sep-17,21-Sep-17,No,,,Yes,3:25pm
414,24-Aug-17,21-Sep-17,1-Sep-17,No,,,no,
415,24-Aug-17,21-Sep-17,transferred,No,,,no,
416,24 Aug 2017,21-Sep-17,5-Sep-17,No,,,no,
417,23-Aug-17,20-Sep-17,transferred,No,,,no,
418,23-Aug-17,20-Sep-17,transferred,No,,,no,
419,23 Aug 2017,20-Sep-17,20-Sep-17,No,,,Yes,5:21pm
420,23 Aug 2017,25-Oct-17,16-Oct-17,Yes,20-Sep-17,5.20pm,no,
421,22 Aug 2017,3-Oct-17,3-Oct-17,Yes,11-Sep-17,4.51 pm,Yes,4:36pm
422,23-Aug-17,20-Sep-17,11-Sep-17,No,,,no,
423,23 Aug 2017,20-Sep-17,19-Sep-17,No,,,no,
424,21 Aug 2017,18-Sep-17,18-Sep-17,No,,,Yes,3:50pm
425,22 Aug 2017,19-Sep-17,12-Sep-17,No,,,no,
426,22 Aug 2017,19-Sep-17,19-Sep-17,No,,,Yes,2:43pm
427,21 Aug 2017,18-Sep-17,18-Sep-17,No,,,Yes,12:35pm
428,23-Aug-17,20-Sep-17,20-Sep-17,No,,,Yes,3:00pm
429,21 Aug 2017,18-Sep-17,withdrawn,No,,,no,
430,22 Aug 2017,19-Sep-17,withdrawn,No,,,no,
431,18-Aug-17,15-Sep-17,1-Sep-17,No,,,no,
432,21 Aug 2017,18-Sep-17,18-Sep-17,No,,,Yes,4:58pm
433,21-Aug-17,18-Sep-17,18-Sep-17,No,,,Yes,4:11pm
434,21 Aug 2017,18-Sep-17,15-Sep-17,No,,,no,
435,21 Aug 2017,18-Sep-17,18-Sep-17,No,,,Yes,11:22am
436,21 Aug 2017,27-Oct-17,11-Oct-17,Yes,14-Sep-17,8.42am,no,
437,21 Aug 2017,18-Sep-17,13-Sep-17,No,,,no,
438,15-Aug-17,12-Sep-17,4-Sep-17,No,,,no,
439,18 Aug 2017,15-Sep-17,transferred,No,,,no,
440,17 Aug 2017,14-Sep-17,14-Sep-17,No,,,Yes,4:55pm
441,17-Aug-17,14-Sep-17,30-Aug-17,No,,,no,
442,15-Aug-17,19-Sep-17,19-Sep-17,Yes,12-Sep-17,12.48 pm,Yes,3:48pm
443,15-Aug-17,12-Sep-17,4-Sep-17,No,,,no,
444,17-Aug-17,5-Oct-17,29-Sep-17,Yes,5-Sep-17,9.38 am,no,
445,17-Aug-17,14-Sep-17,13-Sep-17,No,,,no,
446,15-Aug-17,29-Sep-17,29-Sep-17,Yes,12-Sep-17,5.03 pm,Yes,3:25pm
447,17-Aug-17,14-Sep-17,14-Sep-17,No,,,Yes,6:35pm
448,17-Aug-17,28-Sep-17,28-Sep-17,Yes,13-Sep-17,1.44 pm,Yes,
449,1-Aug-17,29-Aug-17,withdrawn,No,,,no,
450,16-Aug-17,13-Sep-17,13-Sep-17,No,,,Yes,2:35pm
451,16-Aug-17,13-Sep-17,11-Sep-17,No,,,no,
452,16-Aug-17,13-Sep-17,11-Sep-17,No,,,no,
453,15-Aug-17,12-Sep-17,8-Sep-17,No,,,no,
454,11-Aug-17,8-Sep-17,29-Aug-17,No,,,no,
455,8-Aug-17,17-Oct-17,17-Oct-17,Yes,5-Sep-17,12.18 pm,Yes,5:10pm
456,15-Aug-17,12-Sep-17,6-Sep-17,No,,,no,
457,15 Aug 2017,10-Oct-17,3-Oct-17,Yes,12-Sep-17,3.40 pm,no,
458,15-Aug-17,12-Sep-17,30-Aug-17,No,,,no,
459,14-Aug-17,11-Sep-17,withdrawn,No,,,no,
460,14-Aug-17,9-Oct-17,25-Sep-17,No,,,no,
461,15-Aug-17,10-Oct-17,10-Oct-17,Yes,31-Aug-17,9.55 am,Yes,10:18am
462,14-Aug-17,11-Sep-17,29-Aug-17,No,,,no,
463,10-Aug-17,21-Sep-17,21-Sep-17,Yes,5-Sep-17,9.21 am,Yes,sent via post
464,14-Aug-17,11-Sep-17,11-Sep-17,No,,,Yes,2:42pm
465,14-Aug-17,11-Sep-17,11-Sep-17,No,,,Yes,3:59pm
466,9-Aug-17,6-Sep-17,31-Aug-17,No,,,no,
467,13-Aug-17,8-Sep-17,6-Sep-17,No,,,no,
468,21 Aug 2017,18-Sep-17,withdrawn,No,,,no,
469,11-Aug-17,8-Sep-17,5-Sep-17,No,,,no,
470,11 Aug 2017,8-Sep-17,5-Sep-17,No,,,no,
471,08 Aug 2017,5-Sep-17,5-Sep-17,No,,,Yes,2:39pm
472,11-Aug-17,8-Sep-17,14-Aug-17,No,,,no,
473,11 Aug 2017,8-Sep-17,30-Aug-17,No,,,no,
474,10 Aug 2017,7-Sep-17,4-Sep-17,No,,,no,
475,10 Aug 2017,21-Sep-17,21-Sep-17,Yes,5-Sep-17,,Yes,3:04pm
476,10-Aug-17,7-Sep-17,6-Sep-17,No,,,no,
477,09 Aug 2017,6-Sep-17,6-Sep-17,No,,,Yes,2:27pm
478,09 Aug 2017,6-Sep-17,7-Sep-17,No,,,no,
479,8-Aug-17,5-Sep-17,withdrawn,No,,,no,
480,9-Aug-17,6-Sep-17,6-Sep-17,No,,,Yes,12:05pm
481,21-Jul-17,13-Sep-17,13-Sep-17,Yes,17-Aug-17,12.51 pm,Yes,2:53pm
482,8-Aug-17,5-Sep-17,23-Aug-17,No,,,no,
483,8-Aug-17,5-Sep-17,5-Sep-17,No,,,Yes,1:25pm
484,8-Aug-17,5-Sep-17,21-Aug-17,No,,,no,
485,8-Aug-17,13-Sep-17,28-Aug-17,No,,,no,
486,25 Jul 2017,22-Aug-17,22-Aug-17,No,,,Yes,12:07pm
487,7-Aug-17,17-Oct-17,17-Oct-17,Yes,1-Sep-17,5.17 pm,Yes,4:08pm
488,8-Aug-17,22-Sep-17,22-Sep-17,Yes,22-Aug-17,4.43 pm,Yes,3:17pm
489,8-Aug-17,5-Sep-17,5-Sep-17,No,1-Sep-17,3.23 pm,Yes,4:22pm
490,07 Aug 2017,4-Sep-17,4-Sep-17,No,24-Aug-17,4.07 pm,Yes,3:19pm
491,7-Aug-17,4-Sep-17,4-Sep-17,No,,,Yes,4:09pm
492,4-Aug-17,1-Sep-17,1-Sep-17,No,,,Yes,4:04pm
493,7-Aug-17,4-Sep-17,4-Sep-17,No,,,Yes,1:41pm
494,1-Aug-17,7-Sep-17,5-Sep-17,No,,,no,
495,7-Aug-17,4-Sep-17,17-Aug-17,No,,,no,
496,3-Aug-17,31-Aug-17,22-Aug-17,No,,,no,
497,1-Aug-17,29-Aug-17,4-Aug-17,No,,,no,
498,03 Aug 2017,31-Aug-17,17-Aug-17,No,,,no,
499,24-Jul-17,21-Aug-17,17-Aug-17,No,,,no,
500,7-Aug-17,4-Sep-17,30-Aug-17,No,,,no,
501,4-Aug-17,30-Nov-17,23-Nov-17,Yes,22-Aug-17,4.43 pm,no,
502,2-Aug-17,30-Aug-17,30-Aug-17,No,1-Sep-17,3.23 pm,Yes,4:49pm
503,3-Aug-17,31-Aug-17,31-Aug-17,No,24-Aug-17,4.07 pm,Yes,11:17am
504,3-Aug-17,31-Aug-17,30-Aug-17,No,,,no,
505,02 Aug 2017,23-Sep-17,19-Sep-17,No,,,no,
506,2-Aug-17,30-Aug-17,25-Aug-17,No,,,no,
507,2-Aug-17,30-Aug-17,withdrawn,No,,,no,
508,1-Aug-17,29-Aug-17,14-Aug-17,No,,,no,
509,1-Aug-17,29-Aug-17,withdrawn,No,,,no,
510,1-Aug-17,15-Sep-17,15-Sep-17,Yes,1-Sep-17,3.23 pm,Yes,1:12pm
511,31-Jul-17,2-Oct-17,2-Oct-17,Yes,28-Aug-17,5.44 pm,Yes,3:30pm
512,31-Jul-17,28-Aug-17,14-Aug-17,No,24-Aug-17,4.07 pm,no,
513,24-Jul-17,21-Aug-17,8-Aug-17,No,,,no,
514,29 Jul 2017,25-Aug-17,24-Aug-17,No,,,no,
515,29-Jul-17,22-Sep-17,22-Sep-17,Yes,18-Aug-17,2.29 pm,Yes,3:14pm
516,31-Jul-17,4-Sep-17,28-Aug-17,Yes,25-Aug-17,3.56 pm,no,
517,31-Jul-17,28-Aug-17,25-Aug-17,No,,,no,
518,29-Jul-17,25-Aug-17,25-Aug-17,No,,,Yes,2:58pm
519,26-Jul-17,23-Aug-17,23-Aug-17,No,,,Yes,
520,28-Jul-17,25-Aug-17,25-Aug-17,No,,,Yes,1:38pm
521,28-Jul-17,6-Oct-17,28-Sep-17,Yes,25-Aug-17,4.24 pm,no,
522,28-Jul-17,25-Aug-17,23-Aug-17,No,,,no,
523,28-Jul-17,12-Sep-17,12-Sep-17,Yes,11-Aug-17,4.11 pm,Yes,4:49pm
524,27-Jul-17,7-Sep-17,28-Aug-17,No,,,no,
525,26-Jul-17,23-Aug-17,23-Aug-17,No,,,Yes,3:42pm
526,13-Jun-17,11-Jul-17,17-Aug-17,No,,,no,
527,27-Jul-17,24-Aug-17,21-Aug-17,No,,,no,
528,26-Jul-17,23-Aug-17,23-Aug-17,No,,,Yes,5:05pm
529,26-Jul-17,23-Aug-17,23-Aug-17,No,,,Yes,5:05pm
530,26-Jul-17,23-Aug-17,4-Aug-17,No,,,no,
531,25-Jul-17,22-Aug-17,21-Aug-17,No,,,no,
532,25-Jul-17,22-Aug-17,9-Aug-17,No,,,no,
533,26-Jul-17,23-Aug-17,18-Aug-17,No,,,no,
534,25-Jul-17,29-Aug-17,30-Aug-17,Yes,21-Aug-17,1.51 pm,no,
535,24-Jul-17,28-Aug-17,28-Aug-17,Yes,8-Aug-17,2.54 pm,Yes,5:41pm
536,26 Jul 2017,23-Aug-17,2-Aug-17,No,,,no,
537,24-Jul-17,21-Aug-17,21-Aug-17,No,,,Yes,3:17pm
538,25-Jul-17,12-Sep-17,12-Sep-17,No,,,Yes,6:14pm
539,25-Jul-17,22-Aug-17,21-Aug-17,No,,,no,
540,21-Jul-17,18-Aug-17,11-Aug-17,No,,,no,
541,25-Jul-17,22-Aug-17,31-Jul-17,No,,,no,
542,24-Jul-17,21-Aug-17,16-Aug-17,No,,,no,
543,24-Jul-17,21-Aug-17,transferred,No,,,no,
544,17-Jul-17,14-Aug-17,7-Aug-17,No,,,no,
545,24 Jul 2017,21-Aug-17,18-Aug-17,No,,,no,
546,24-Jul-17,21-Aug-17,17-Aug-17,No,,,no,
547,20-Jul-17,17-Aug-17,withdrawn,No,,,no,
548,24-Jul-17,21-Aug-17,15-Aug-17,No,,,no,
549,26-Jul-17,23-Aug-17,10-Aug-17,No,,,no,
550,23-Jul-17,18-Aug-17,8-Aug-17,No,,,no,
551,12-Jul-17,9-Aug-17,9-Aug-17,No,,,Yes,4:48pm
552,20 Jul 2017,17-Aug-17,withdrawn,No,,,no,
553,21 Jul 2017,5-Oct-17,5-Oct-17,Yes,7-Sep-17,4:13pm,Yes,7:42pm
554,21 Jul 2017,18-Aug-17,8-Aug-17,No,,,no,
555,21-Jul-17,18-Aug-17,17-Aug-17,No,,,no,
556,20 Jul 2017,17-Aug-17,transferred,No,,,no,
557,19-Jul-17,30-Aug-17,30-Aug-17,Yes,11-Aug-17,3:00pm,Yes,sent via post
558,20-Jul-17,12-Sep-17,12-Sep-17,Yes,11-Aug-17,4:13pm,Yes,5:01pm
559,20-Jul-17,12-Sep-17,12-Sep-17,Yes,14-Aug-17,3:12pm,Yes,4:56pm
560,20-Jul-17,17-Aug-17,17-Aug-17,No,,,Yes,3:09pm
561,17-Jul-17,25-Aug-17,22-Aug-17,Yes,14-Aug-17,5:10pm,no,
562,19-Jul-17,16-Aug-17,8-Aug-17,No,,,no,
563,19-Jul-17,16-Aug-17,transferred,No,,,no,
564,12 Jul 2017,9-Aug-17,withdrawn,No,,,no,
565,19 Jul 2017,12-Sep-17,12-Sep-17,Yes,11-Aug-17,4:15pm,Yes,4:57pm
566,19 Jul 2017,16-Aug-17,16-Aug-17,No,,,Yes,11:06pm
567,19-Jul-17,16-Aug-17,11-Aug-17,No,,,no,
568,18 Jul 2017,15-Aug-17,15-Aug-17,No,,,Yes,12:13pm
569,18-Jul-17,12-Sep-17,12-Sep-17,Yes,11-Aug-18,4:18pm,Yes,5:01pm
570,18-Jul-17,12-Sep-17,12-Sep-17,Yes,11-Aug-17,4:17pm,Yes,5:01pm
571,18 Jul 2017,15-Aug-17,14-Aug-17,No,,,no,
572,17-Jul-17,22-Sep-17,22-Sep-17,Yes,14-Aug-17,4:14pm,Yes,4:47pm
573,18 Jul 2017,12-Sep-17,23-Aug-17,Yes,11-Aug-17,N/A,no,
574,18 Jul 2017,15-Aug-17,7-Aug-17,No,,,no,
575,18 Jul 2017,15-Aug-17,15-Aug-17,No,,,Yes,
576,14 Jul 2017,11-Aug-17,transferred,No,,,no,
577,17-Jul-17,14-Aug-17,14-Aug-17,No,,,Yes,2:48pm
578,17-Jul-17,14-Aug-17,11-Aug-17,No,,,no,
579,17-Jul-17,14-Aug-17,11-Aug-17,No,,,no,
580,17-Jul-17,14-Aug-17,2-Aug-17,No,,,no,
581,10-Jul-17,7-Aug-17,1-Aug-17,No,,,no,
582,11-Jul-17,25-Aug-17,22-Aug-17,Yes,n/a,n/a,no,
583,17-Jul-17,14-Aug-17,21-Jul-17,No,,,no,
584,17-Jul-17,11-Sep-17,7-Sep-17,Yes,14-Aug-17,4:41pm,no,
585,17-Jul-17,14-Aug-17,11-Aug-17,No,,,no,
586,14-Jul-17,25-Aug-17,16-Aug-17,Yes,n/a,N/A,no,
587,14-Jul-17,11-Aug-17,3-Aug-17,No,,,no,
588,17-Jul-17,28-Aug-17,28-Aug-17,Yes,,,Yes,3:59pm
589,12-Jul-17,9-Aug-17,withdrawn,No,,,no,
590,13-Jul-17,10-Aug-17,3-Aug-17,No,,,no,
591,14-Jul-17,11-Aug-17,8-Aug-17,No,,,no,
592,14-Jul-17,11-Aug-17,transferred,No,,,no,
593,14-Jul-17,28-Sep-17,27-Sep-17,Yes,,,no,
594,10-Jul-17,7-Aug-17,25-Jul-17,No,,,no,
595,12-Jul-17,9-Aug-17,9-Aug-17,No,,,Yes,4:48pm
596,13-Jul-17,7-Sep-17,7-Sep-17,Yes,,,Yes,sent via post
597,12-Jul-17,9-Aug-17,9-Aug-17,No,,,Yes,4:48pm
598,12-Jul-17,9-Aug-17,9-Aug-17,No,,,Yes,4:48pm
599,6-Jul-17,31-Aug-17,30-Aug-17,Yes,,,no,
600,13-Jul-17,10-Aug-17,8-Aug-17,No,,,no,
601,13-Jul-17,10-Aug-17,transferred,No,,,no,
602,12-Jul-17,6-Sep-17,6-Sep-17,Yes,,,Yes,4:43pm
603,13-Jul-17,10-Aug-17,8-Aug-17,No,,,no,
604,12-Jul-17,9-Aug-17,withdrawn,No,,,no,
605,12-Jul-17,9-Aug-17,transferred,No,,,no,
606,12-Jul-17,9-Aug-17,8-Aug-17,No,,,no,
607,12 Jul 2017,9-Aug-17,9-Aug-17,No,,,Yes,sent via post
608,12-Jul-17,9-Aug-17,9-Aug-17,No,,,Yes,8:49am
609,12-Jul-17,9-Aug-17,9-Aug-17,No,,,Yes,
610,11-Jul-17,8-Aug-17,8-Aug-17,No,,,Yes,5:10pm
611,12-Jul-17,30-Aug-17,29-Aug-17,Yes,,,no,
612,7-Jul-17,4-Aug-17,4-Aug-17,No,,,Yes,5.17pm
613,11-Jul-17,8-Aug-17,17-Jul-17,No,,,no,
614,10-Jul-17,21-Aug-17,21-Aug-17,Yes,,,Yes,
615,10-Jul-17,7-Aug-17,8-Aug-17,No,,,no,
616,4-Jul-17,1-Aug-17,18-Jul-17,No,,,no,
617,10-Jul-17,4-Sep-17,1-Sep-17,Yes,,,no,
618,10-Jul-17,7-Aug-17,withdrawn,No,,,no,
619,6-Jul-17,3-Aug-17,1-Aug-17,No,,,no,
620,10-Jul-17,7-Aug-17,7-Aug-17,No,,,Yes,3:43pm
621,5-Jul-17,2-Aug-17,13-Jul-17,No,,,no,
622,10-Jul-17,7-Aug-17,3-Aug-17,No,,,no,
623,7-Jul-17,10-Aug-17,10-Aug-17,Yes,,,Yes,10:04am
624,7-Jul-17,4-Aug-17,3-Aug-17,No,,,no,
625,6-Jul-17,3-Aug-17,3-Aug-17,No,,,Yes,4:26pm
626,9-Jul-17,4-Aug-17,3-Aug-17,No,,,no,
627,10-Jul-17,21-Aug-17,9-Aug-17,Yes,,,no,
628,07 Jul 2017,11-Aug-17,11-Aug-17,Yes,3-Aug-17,9.10 am,Yes,5:11pm
629,8-Jul-17,4-Aug-17,4-Aug-17,No,,,Yes,2:00pm
630,7-Jul-17,4-Aug-17,2-Aug-17,No,,,no,
631,4-Jul-17,15-Aug-17,18-Aug-17,Yes,21-Jul-17,4.33 pm,no,
632,7-Jul-17,14-Aug-17,9-Aug-17,Yes,26-Jul-17,5.36 pm,no,
633,7-Jul-17,1-Sep-17,28-Aug-17,Yes,4-Aug-17,5.16 pm,no,
634,7-Jul-17,4-Aug-17,transferred,No,,,no,
635,6-Jul-17,3-Aug-17,3-Aug-17,No,,,Yes,1:44pm
636,6-Jul-17,7-Sep-17,26-Sep-17,Yes,3-Aug-17,5.06 pm,no,
637,6-Jul-17,3-Aug-17,3-Aug-17,No,,,Yes,
638,6-Jul-17,3-Aug-17,3-Aug-17,No,,,Yes,7:59am
639,5-Jul-17,30-Aug-17,24-Aug-17,Yes,2-Aug-17,4.19 pm,no,
640,4-Jul-17,26-Sep-17,26-Sep-17,Yes,1-Aug-17,4.00 pm,Yes,4:23pm
641,5-Jul-17,2-Aug-17,1-Aug-17,No,,,no,
642,5-Jul-17,2-Aug-17,2-Aug-17,No,,,Yes,3:30pm
643,5-Jul-17,2-Aug-17,27-Jul-17,No,,,no,
644,4-Jul-17,1-Sep-17,31-Aug-17,Yes,1-Aug-17,5.21 pm,no,
645,5-Jul-17,16-Aug-17,18-Aug-17,Yes,21-Jul-17,4.33 pm,no,
646,4-Jul-17,1-Aug-17,19-Jul-17,No,,,no,
647,4-Jul-17,1-Aug-17,25-Jul-17,No,,,no,
648,4-Jul-17,1-Aug-17,25-Jul-17,No,,,no,
649,17-Oct-16,20-Jan-17,29-Aug-17,Yes,11-Nov-16,3.22 pm,no,
650,27-Jan-17,27-Mar-17,12-Sep-17,Yes,13-Feb-17,,no,
651,20-Mar-17,1-Jun-17,29-Aug-17,Yes,19-Apr-17,3.38 pm,no,
652,21-Apr-17,10-Jul-17,10-Jul-17,Yes,31-May-17,8.33am ,Yes,6.12pm
653,8-May-17,6-Jul-17,6-Jul-17,Yes,23-May-17,12.26 pm,Yes,3.51pm 
654,10-May-17,13-Jul-17,13-Jul-17,Yes,8-Jun-17,11.08 am,Yes,3.58pm
655,10-May-17,10-Jul-17,10-Jul-17,Yes,8-Jun-17,4.57 pm,Yes,6.40pm
656,10-May-17,10-Jul-17,10-Jul-17,Yes,8-Jun-17,4.57 pm,Yes,12.11pm 
657,11-May-17,7-Jul-17,7-Jul-17,Yes,1-Jun-17,,Yes,1.24pm
658,11-May-17,7-Jul-17,7-Jul-17,Yes,9-Jun-17,5.18 pm,Yes,5.33 pm
659,12-May-17,10-Jul-17,10-Jul-17,Yes,12-Jun-17,3.53 pm,Yes,5.54pm
660,16 May 2017,21-Jul-17,21-Jul-17,Yes,14-Jun-17,,Yes,2.46pm
661,16-May-17,14-Jun-17,10-Jul-17,No,,,no,
662,17-May-17,6-Jul-17,6-Jul-17,Yes,13-Jun-17,4.03 pm,Yes,12.38pm
663,17-May-17,21-Jul-17,21-Jul-17,Yes,13-Jun-17,,Yes,3.41pm
664,15-May-17,11-Jul-17,7-Jul-17,Yes,13-Jun-17,,no,
665,19-May-17,17-Jul-17,17-Jul-17,Yes,19-Jun-17,5.04 pm,Yes,3.58pm
666,19-May-17,17-Jul-17,17-Jul-17,Yes,14-Jun-17,3.54 pm,Yes,12.43pm
667,18-May-17,14-Jul-17,6-Jul-17,Yes,14-Jun-17,9.00 am,no,
668,25-May-17,14-Jul-17,14-Jul-17,Yes,20-Jun-17,5.26pm,Yes,5.43pm
669,25-May-17,21-Jul-17,21-Jul-17,Yes,26-Jun-17,,Yes,1.20pm
670,26-May-17,10-Jul-17,10-Jul-17,Yes,26-Jun-17,4.27 pm,Yes,2.58pm
671,30-May-17,12-Jul-17,12-Jul-17,Yes,28-Jun-17,4.27 pm,Yes,3.33pm
672,30-May-17,26-Jul-17,20-Jul-17,Yes,21-Jun-17,1.09 pm,no,
673,30-May-17,28-Jun-17,12-Jul-17,No,,,no,
674,30-May-17,12-Jul-17,11-Jul-17,Yes,22-Jun-16,3.26 pm,no,
675,30 May 2017,19-Jul-17,17-Jul-17,Yes,16-Jun-17,1.54 pm,no,
676,31-May-17,27-Jul-17,31-Jul-17,Yes,20-Jun-17,2.48 pm,no,
677,31-May-17,29-Jun-17,26-Jul-17,No,,,no,
678,1-Jun-17,28-Jul-17,28-Jul-17,Yes,15-Jun-17,9.22 am,Yes,4.15pm
679,02 Jun 2017,3-Jul-17,3-Jul-17,No,,,Yes,1.34pm
680,6-Jun-17,4-Jul-17,4-Jul-17,No,,,Yes,1.54pm
681,06 Jun 2017,25-Jul-17,26-Jul-17,Yes,4-Jul-17,11.40 am,no,
682,06 Jun 2017,1-Aug-17,1-Aug-17,Yes,4-Jul-17,11.42 am,Yes,No Email
683,4-Jul-17,1-Aug-17,withdrawn,No,,,no,
684,7-Jun-17,5-Jul-17,4-Jul-17,No,,,no,
685,7-Jun-17,5-Jul-17,5-Jul-17,No,,,Yes,2.11pm
686,7-Jun-17,5-Jul-17,4-Jul-17,No,,,no,
687,07 Jun 2017,26-Jul-17,20-Jul-17,Yes,4-Jul-17,3.53 pm,no,
688,07 Jun 2017,5-Jul-17,4-Jul-17,No,,,no,
689,6-Jun-17,4-Jul-17,4-Jul-17,No,,,Yes,5.02pm
690,2-Jun-17,3-Jul-17,3-Jul-17,No,,,Yes,12.23pm
691,8-Jun-17,6-Jul-17,5-Jul-17,No,,,no,
692,8-Jun-17,14-Aug-17,24-Aug-17,Yes,28-Jun-17,12.26 pm,no,
693,8-Jun-17,6-Jul-17,6-Jul-17,No,,,Yes,4.39pm
694,7-Jun-17,5-Jul-17,5-Jul-17,No,,,Yes,No email
695,7-Jun-17,5-Aug-17,4-Aug-17,Yes,3-Jul-17,2.32 pm,no,
696,9-Jun-17,27-Jul-17,27-Jul-17,Yes,19-Jun-17,,Yes,
697,12-Jun-17,7-Aug-17,4-Aug-17,Yes,22-Jun-17,3.28 pm,no,
698,12-Jun-17,24-Jul-17,24-Jul-17,Yes,7-Jul-17,2.29 pm,Yes,5.01pm
699,12-Jun-17,7-Aug-17,7-Aug-17,Yes,4-Jul-17,11.43 am,Yes,2.00pm
700,12-Jun-17,28-Aug-17,28-Aug-17,Yes,27-Jul-17,2.49 pm,Yes,4.29pm
701,13-Jun-17,8-Aug-17,8-Aug-17,Yes,11-Jul-17,,Yes,
702,13-Jun-17,11-Jul-17,6-Jul-17,No,,,no,
703,13-Jun-17,11-Jul-17,11-Jul-17,No,,,Yes,Postal
704,14-Jun-17,12-Jul-17,4-Jul-17,No,,,no,
705,14-Jun-17,12-Jul-17,7-Jul-17,No,,,no,
706,14-Jun-17,9-Aug-17,14-Jul-17,Yes,12-Jul-17,2.36 pm,no,
707,14-Jun-17,12-Jul-17,4-Jul-17,No,,,no,
708,15-Jun-17,13-Jul-17,13-Jul-17,No,,,Yes,4.56pm
709,15-Jun-17,13-Jul-17,13-Jul-17,No,,,Yes,6.55pm
710,15-Jun-17,13-Jul-17,7-Jul-17,No,,,no,
711,12-Jun-17,10-Jul-17,4-Jul-17,No,,,no,
712,15-Jun-17,13-Jul-17,20-Jul-17,No,,,no,
713,16-Jun-17,21-Aug-17,2-Aug-17,Yes,,,no,
714,16-Jun-17,31-Jul-17,31-Jul-17,Yes,13-Jul-17,10.03 am,Yes,10.51am
715,16-Jun-17,4-Aug-17,7-Aug-17,Yes,29-Jun-17,2.02 pm,no,
716,16-Jun-17,21-Jul-17,17-Jul-17,No,14-Jul-17,3.47 pm,no,
717,12-Jun-17,10-Jul-17,10-Jul-17,No,,,Yes,4.36pm
718,16-Jun-17,24-Jul-17,24-Jul-17,Yes,14-Jul-17,3.47 pm,Yes,10.40am
719,16-Jun-17,31-Jul-17,31-Jul-17,Yes,26-Jun-17,3.51 pm,Yes,4.44pm
720,19-Jun-17,17-Jul-17,7-Jul-17,No,11-Aug-17,2.29 pm,no,
721,19-Jun-17,14-Aug-17,29-Aug-17,Yes,11-Aug-17,2.29 pm,no,
722,19-Jun-17,17-Jul-17,11-Jul-17,No,11-Aug-17,2.29 pm,no,
723,20-Jun-17,18-Jul-17,18-Jul-17,No,,,Yes,4.14pm
724,20-Jun-17,18-Jul-17,13-Jul-17,No,,,no,
725,15-Jun-17,13-Jul-17,13-Jul-17,No,,,Yes,12.05pm
726,20-Jun-17,18-Jul-17,18-Jul-17,No,,,Yes,12.42pm
727,16-Jun-17,14-Jul-17,14-Jul-17,No,,,Yes,6.00pm
728,21-Jun-17,19-Jul-17,19-Jul-17,No,,,Yes,3.57pm
729,20-Jun-17,18-Jul-17,11-Jul-17,No,,,no,
730,21-Jun-17,19-Jul-17,13-Jul-17,No,,,no,
731,21-Jun-17,19-Jul-17,13-Jul-17,No,,,no,
732,21-Jun-17,19-Jul-17,12-Jul-17,No,,,no,
733,15-Jun-17,13-Jul-17,4-Jul-17,No,,,no,
734,22-Jun-17,20-Jul-17,19-Jul-17,No,,,no,
735,22-Jun-17,20-Jul-17,7-Jul-17,No,,,no,
736,23-Jun-17,21-Jul-17,4-Jul-17,No,,,no,
737,23-Jun-17,21-Jul-17,7-Jul-17,No,,,no,
738,23-Jun-17,21-Jul-17,21-Jul-17,No,,,Yes,
739,19-Jun-17,17-Jul-17,4-Jul-17,No,,,no,
740,21-Jun-17,19-Jul-17,4-Jul-17,No,,,no,
741,23-Jun-17,21-Jul-17,19-Jul-17,No,,,no,
742,23-Jun-17,21-Jul-17,20-Jul-17,No,,,no,
743,25-Jun-17,21-Jul-17,18-Jul-17,No,,,no,
744,24-Jun-17,31-Jul-17,31-Jul-17,No,,,Yes,8.50pm
745,23-Jun-17,21-Jul-17,12-Jul-17,No,,,no,
746,26-Jun-17,7-Sep-17,7-Sep-17,Yes,24-Jul-17,,Yes,By Post
747,27-Jun-17,25-Jul-17,7-Jul-17,No,,,no,
748,23-Jun-17,21-Jul-17,10-Jul-17,No,,,no,
749,20-Jun-17,18-Jul-17,6-Jul-17,No,,,no,
750,27-Jun-17,25-Jul-17,11-Jul-17,No,,,no,
751,27-Jun-17,25-Jul-17,25-Jul-17,No,,,Yes,4.57pm 
752,27-Jun-17,18-Jul-17,13-Jul-17,No,,,no,
753,23-Jun-17,21-Jul-17,21-Jul-17,No,,,Yes,4.16pm
754,26-Jun-17,24-Jul-17,13-Jul-17,No,,,no,
755,28-Jun-17,9-Aug-17,8-Aug-17,Yes,25-Jul-17,3.56 pm,no,
756,28-Jun-17,26-Jul-17,12-Jul-17,No,,,no,
757,28-Jun-17,26-Jul-17,25-Jul-17,No,,,no,
758,27-Jun-17,25-Jul-17,17-Jul-17,No,,,no,
759,29-Jun-17,27-Jul-17,25-Jul-17,No,,,no,
760,29-Jun-17,10-Aug-17,8-Aug-17,Yes,27-Jul-17,,no,
761,15-Jun-17,13-Jul-17,17-Jul-17,No,,,no,
762,29-Jun-17,27-Jul-17,20-Jul-17,No,,,no,
763,30-Jun-17,11-Aug-17,11-Aug-17,Yes,28-Jul-16,,Yes,
764,20-Jun-17,18-Jul-17,6-Jul-17,No,,,no,
765,13-Jul-17,10-Aug-17,31-Jul-17,No,,,no,
766,2-Jul-17,28-Jul-17,24-Jul-17,No,,,no,
767,2-Jul-17,28-Jul-17,31-Jul-17,No,,,no,
768,30-Jun-17,28-Jul-17,12-Jul-17,No,,,no,
769,3-Jul-17,31-Jul-17,31-Jul-17,No,,,Yes,3.55pm
770,30-Jun-17,28-Jul-17,25-Jul-17,No,,,no,
771,3-Jul-17,31-Jul-17,31-Jul-17,No,,,Yes,4.47pm
772,3-Jul-17,14-Aug-17,18-Aug-17,Yes,21-Jul-17,4.34 pm,no,
773,3-Jul-17,28-Aug-17,28-Aug-17,Yes,31-Jul-17,2.59 pm,Yes,4.04pm
774,3-Jul-17,1-Aug-17,31-Jul-17,No,1-Aug-17,5.25 pm,no,
775,3-Jul-17,1-Aug-17,1-Aug-17,No,22-Nov-07,4.54 pm,Yes,12.36pm
776,3-Jul-17,1-Aug-17,31-Jul-17,No,,,no,
777,23-Jun-17,21-Jul-17,21-Jul-17,No,,,Yes,4.37pm
778,4-Jul-17,22-Aug-17,22-Aug-17,Yes,1-Aug-17,5.25 pm,Yes,11.46am
779,11-Jul-17,8-Aug-17,withdrawn,No,1-Aug-17,5.25 pm,no,
780,19 Jul 2017,16-Aug-17,withdrawn,No,22-Nov-07,4.54 pm,no,
781,19-Jul-17,16-Aug-17,withdrawn,No,,,no,
782,21-Jul-17,18-Aug-17,withdrawn,No,,,no,
783,20-Jul-17,17-Aug-17,withdrawn,No,,,no,
784,25-Jul-17,22-Aug-17,withdrawn,No,,,no,
785,26 Jul 2017,23-Aug-17,withdrawn,No,,,no,
786,4-Aug-17,1-Sep-17,withdrawn,No,,,no,
787,8-Aug-17,5-Sep-17,withdrawn,No,,,no,
788,17 Aug 2017,14-Sep-17,withdrawn,No,,,no,
789,18-Aug-17,15-Sep-17,withdrawn,No,,,no,
790,17-Aug-17,14-Sep-17,withdrawn,No,,,no,
791,22-Aug-17,19-Sep-17,withdrawn,No,,,no,
792,23-Aug-17,20-Sep-17,withdrawn,No,,,no,
793,28-Aug-17,25-Sep-17,withdrawn,No,,,no,
794,29 Aug 2017,26-Sep-17,withdrawn,No,,,no,
795,28-Aug-17,25-Sep-17,withdrawn,No,,,no,
796,30-Aug-17,27-Sep-17,withdrawn,No,,,no,
797,02 Sep 2017,29-Sep-17,withdrawn,No,,,no,
798,06 Sep 2017,4-Oct-17,withdrawn,No,,,no,
799,18 Sep 2017,16-Oct-17,withdrawn,No,,,no,
800,25 Sep 2017,24-Oct-17,withdrawn,No,,,no,
801,26-Sep-17,25-Oct-17,withdrawn,No,,,no,
802,5-Oct-17,3-Nov-17,withdrawn,No,,,no,
803,5-Oct-17,3-Nov-17,withdrawn,No,,,no,
804,10 Oct 2017,8-Nov-17,withdrawn,No,,,no,
805,25-Oct-17,7-Dec-17,withdrawn,Yes,22-Nov-17,4.54 pm,no,
806,2-Nov-17,30-Nov-17,withdrawn,No,1-Aug-17,5.25 pm,no,
807,7-Nov-17,5-Dec-17,withdrawn,No,22-Nov-07,4.54 pm,no,
808,09 Nov 2017,7-Dec-17,withdrawn,No,,,no,
809,16-Nov-17,14-Dec-17,withdrawn,No,,,no,
810,29-Nov-17,18-Jan-18,withdrawn,No,,,no,
811,6-Dec-17,25-Jan-18,withdrawn,No,,,no,
812,08 Dec 2017,29-Jan-18,withdrawn,No,,,no,
813,11 Dec 2017,30-Jan-18,withdrawn,No,,,no,